symbol,date,type,value,message
AAPL,2024-02-02,HIGH_VOLUME,102551700.0,"Volume anormalement élevé: 102,551,700"
AAPL,2024-02-29,HIGH_VOLUME,136682600.0,"Volume anormalement élevé: 136,682,600"
AAPL,2024-03-15,HIGH_VOLUME,121752700.0,"Volume anormalement élevé: 121,752,700"
AAPL,2024-03-21,HIGH_VOLUME,106181300.0,"Volume anormalement élevé: 106,181,300"
AAPL,2024-05-03,HIGH_VOLUME,163224100.0,"Volume anormalement élevé: 163,224,100"
AAPL,2024-06-11,HIGH_VOLUME,172373300.0,"Volume anormalement élevé: 172,373,300"
AAPL,2024-06-12,HIGH_VOLUME,198134300.0,"Volume anormalement élevé: 198,134,300"
AAPL,2024-06-21,HIGH_VOLUME,241805100.0,"Volume anormalement élevé: 241,805,100"
AAPL,2024-08-02,HIGH_VOLUME,105568600.0,"Volume anormalement élevé: 105,568,600"
AAPL,2024-08-05,HIGH_VOLUME,119548600.0,"Volume anormalement élevé: 119,548,600"
AAPL,2024-09-20,HIGH_VOLUME,318679900.0,"Volume anormalement élevé: 318,679,900"
AAPL,2024-12-20,HIGH_VOLUME,147495300.0,"Volume anormalement élevé: 147,495,300"
AAPL,2025-04-03,HIGH_VOLUME,103419000.0,"Volume anormalement élevé: 103,419,000"
AAPL,2025-04-04,HIGH_VOLUME,125910900.0,"Volume anormalement élevé: 125,910,900"
AAPL,2025-04-07,HIGH_VOLUME,160466300.0,"Volume anormalement élevé: 160,466,300"
AAPL,2025-04-08,HIGH_VOLUME,120859500.0,"Volume anormalement élevé: 120,859,500"
AAPL,2025-04-09,HIGH_VOLUME,184395900.0,"Volume anormalement élevé: 184,395,900"
AAPL,2025-04-10,HIGH_VOLUME,121880000.0,"Volume anormalement élevé: 121,880,000"
AAPL,2025-08-01,HIGH_VOLUME,104434500.0,"Volume anormalement élevé: 104,434,500"
AAPL,2025-08-06,HIGH_VOLUME,108483100.0,"Volume anormalement élevé: 108,483,100"
AAPL,2025-08-08,HIGH_VOLUME,113854000.0,"Volume anormalement élevé: 113,854,000"
AAPL,2025-09-19,HIGH_VOLUME,163741300.0,"Volume anormalement élevé: 163,741,300"
AAPL,2025-09-22,HIGH_VOLUME,105517400.0,"Volume anormalement élevé: 105,517,400"
AAPL,2024-03-21,EXTREME_MOVE,-4.085738860758514,Mouvement de prix extrême: -4.09%
AAPL,2024-04-11,EXTREME_MOVE,4.327109184133215,Mouvement de prix extrême: 4.33%
AAPL,2024-05-03,EXTREME_MOVE,5.981638590113136,Mouvement de prix extrême: 5.98%
AAPL,2024-06-11,EXTREME_MOVE,7.264903450667259,Mouvement de prix extrême: 7.26%
AAPL,2024-08-05,EXTREME_MOVE,-4.816693045144471,Mouvement de prix extrême: -4.82%
AAPL,2024-09-19,EXTREME_MOVE,3.706554450161237,Mouvement de prix extrême: 3.71%
AAPL,2025-01-16,EXTREME_MOVE,-4.040019692168107,Mouvement de prix extrême: -4.04%
AAPL,2025-03-10,EXTREME_MOVE,-4.847960193409895,Mouvement de prix extrême: -4.85%
AAPL,2025-04-03,EXTREME_MOVE,-9.245610910922164,Mouvement de prix extrême: -9.25%
AAPL,2025-04-04,EXTREME_MOVE,-7.288740460316124,Mouvement de prix extrême: -7.29%
AAPL,2025-04-07,EXTREME_MOVE,-3.673428915114274,Mouvement de prix extrême: -3.67%
AAPL,2025-04-08,EXTREME_MOVE,-4.981818543870231,Mouvement de prix extrême: -4.98%
AAPL,2025-04-09,EXTREME_MOVE,15.328851458133851,Mouvement de prix extrême: 15.33%
AAPL,2025-04-10,EXTREME_MOVE,-4.239370658828934,Mouvement de prix extrême: -4.24%
AAPL,2025-04-11,EXTREME_MOVE,4.059432148267916,Mouvement de prix extrême: 4.06%
AAPL,2025-04-16,EXTREME_MOVE,-3.8933437517184477,Mouvement de prix extrême: -3.89%
AAPL,2025-05-02,EXTREME_MOVE,-3.736171359938467,Mouvement de prix extrême: -3.74%
AAPL,2025-05-12,EXTREME_MOVE,6.31462266329994,Mouvement de prix extrême: 6.31%
AAPL,2025-08-06,EXTREME_MOVE,5.090679602505532,Mouvement de prix extrême: 5.09%
AAPL,2025-08-08,EXTREME_MOVE,4.235791290787305,Mouvement de prix extrême: 4.24%
AAPL,2025-09-03,EXTREME_MOVE,3.8089871578786294,Mouvement de prix extrême: 3.81%
AAPL,2025-09-22,EXTREME_MOVE,4.3095700465100695,Mouvement de prix extrême: 4.31%
AAPL,2025-10-20,EXTREME_MOVE,3.943876231500254,Mouvement de prix extrême: 3.94%
TSLA,2024-04-24,HIGH_VOLUME,181178000.0,"Volume anormalement élevé: 181,178,000"
TSLA,2024-04-29,HIGH_VOLUME,243869700.0,"Volume anormalement élevé: 243,869,700"
TSLA,2024-07-02,HIGH_VOLUME,205047900.0,"Volume anormalement élevé: 205,047,900"
TSLA,2024-07-03,HIGH_VOLUME,166561500.0,"Volume anormalement élevé: 166,561,500"
TSLA,2024-07-11,HIGH_VOLUME,221707300.0,"Volume anormalement élevé: 221,707,300"
TSLA,2024-07-24,HIGH_VOLUME,167942900.0,"Volume anormalement élevé: 167,942,900"
TSLA,2024-10-24,HIGH_VOLUME,204491900.0,"Volume anormalement élevé: 204,491,900"
TSLA,2024-11-06,HIGH_VOLUME,165228700.0,"Volume anormalement élevé: 165,228,700"
TSLA,2024-11-08,HIGH_VOLUME,204782800.0,"Volume anormalement élevé: 204,782,800"
TSLA,2024-11-11,HIGH_VOLUME,210521600.0,"Volume anormalement élevé: 210,521,600"
TSLA,2025-03-10,HIGH_VOLUME,189076900.0,"Volume anormalement élevé: 189,076,900"
TSLA,2025-03-11,HIGH_VOLUME,174896400.0,"Volume anormalement élevé: 174,896,400"
TSLA,2025-03-24,HIGH_VOLUME,169079900.0,"Volume anormalement élevé: 169,079,900"
TSLA,2025-04-02,HIGH_VOLUME,212787800.0,"Volume anormalement élevé: 212,787,800"
TSLA,2025-04-04,HIGH_VOLUME,181229400.0,"Volume anormalement élevé: 181,229,400"
TSLA,2025-04-07,HIGH_VOLUME,183453800.0,"Volume anormalement élevé: 183,453,800"
TSLA,2025-04-08,HIGH_VOLUME,171603500.0,"Volume anormalement élevé: 171,603,500"
TSLA,2025-04-09,HIGH_VOLUME,219433400.0,"Volume anormalement élevé: 219,433,400"
TSLA,2025-04-10,HIGH_VOLUME,181722600.0,"Volume anormalement élevé: 181,722,600"
TSLA,2025-04-25,HIGH_VOLUME,167560700.0,"Volume anormalement élevé: 167,560,700"
TSLA,2025-06-05,HIGH_VOLUME,287499800.0,"Volume anormalement élevé: 287,499,800"
TSLA,2025-06-23,HIGH_VOLUME,190716800.0,"Volume anormalement élevé: 190,716,800"
TSLA,2025-09-12,HIGH_VOLUME,168156400.0,"Volume anormalement élevé: 168,156,400"
TSLA,2024-04-24,EXTREME_MOVE,12.061109407252758,Mouvement de prix extrême: 12.06%
TSLA,2024-04-29,EXTREME_MOVE,15.306917103399531,Mouvement de prix extrême: 15.31%
TSLA,2024-07-02,EXTREME_MOVE,10.19727143535938,Mouvement de prix extrême: 10.20%
TSLA,2024-07-11,EXTREME_MOVE,-8.444127539962887,Mouvement de prix extrême: -8.44%
TSLA,2024-07-24,EXTREME_MOVE,-12.334604589403696,Mouvement de prix extrême: -12.33%
TSLA,2024-09-06,EXTREME_MOVE,-8.44593239607937,Mouvement de prix extrême: -8.45%
TSLA,2024-10-11,EXTREME_MOVE,-8.782510719719305,Mouvement de prix extrême: -8.78%
TSLA,2024-10-24,EXTREME_MOVE,21.919035070290427,Mouvement de prix extrême: 21.92%
TSLA,2024-11-06,EXTREME_MOVE,14.751032444224466,Mouvement de prix extrême: 14.75%
TSLA,2024-11-08,EXTREME_MOVE,8.187665372925302,Mouvement de prix extrême: 8.19%
TSLA,2024-11-11,EXTREME_MOVE,8.959591143118995,Mouvement de prix extrême: 8.96%
TSLA,2024-12-18,EXTREME_MOVE,-8.27949436951747,Mouvement de prix extrême: -8.28%
TSLA,2025-01-03,EXTREME_MOVE,8.215567328200034,Mouvement de prix extrême: 8.22%
TSLA,2025-01-15,EXTREME_MOVE,8.038151439752795,Mouvement de prix extrême: 8.04%
TSLA,2025-02-25,EXTREME_MOVE,-8.38955952220366,Mouvement de prix extrême: -8.39%
TSLA,2025-03-10,EXTREME_MOVE,-15.426206822195121,Mouvement de prix extrême: -15.43%
TSLA,2025-03-24,EXTREME_MOVE,11.933580126800525,Mouvement de prix extrême: 11.93%
TSLA,2025-04-04,EXTREME_MOVE,-10.419786826814681,Mouvement de prix extrême: -10.42%
TSLA,2025-04-09,EXTREME_MOVE,22.689989839624538,Mouvement de prix extrême: 22.69%
TSLA,2025-04-25,EXTREME_MOVE,9.803091011549903,Mouvement de prix extrême: 9.80%
TSLA,2025-06-05,EXTREME_MOVE,-14.259893789082124,Mouvement de prix extrême: -14.26%
TSLA,2025-06-23,EXTREME_MOVE,8.231930938729072,Mouvement de prix extrême: 8.23%
TSLA,2025-07-24,EXTREME_MOVE,-8.197020076301287,Mouvement de prix extrême: -8.20%
MSFT,2024-03-15,HIGH_VOLUME,45079900.0,"Volume anormalement élevé: 45,079,900"
MSFT,2024-04-25,HIGH_VOLUME,40586500.0,"Volume anormalement élevé: 40,586,500"
MSFT,2024-05-31,HIGH_VOLUME,47995300.0,"Volume anormalement élevé: 47,995,300"
MSFT,2024-07-31,HIGH_VOLUME,42891400.0,"Volume anormalement élevé: 42,891,400"
MSFT,2024-08-05,HIGH_VOLUME,40709200.0,"Volume anormalement élevé: 40,709,200"
MSFT,2024-09-20,HIGH_VOLUME,55167100.0,"Volume anormalement élevé: 55,167,100"
MSFT,2024-10-31,HIGH_VOLUME,53971000.0,"Volume anormalement élevé: 53,971,000"
MSFT,2024-12-20,HIGH_VOLUME,64263700.0,"Volume anormalement élevé: 64,263,700"
MSFT,2025-01-27,HIGH_VOLUME,35647800.0,"Volume anormalement élevé: 35,647,800"
MSFT,2025-01-30,HIGH_VOLUME,54586300.0,"Volume anormalement élevé: 54,586,300"
MSFT,2025-03-21,HIGH_VOLUME,39675900.0,"Volume anormalement élevé: 39,675,900"
MSFT,2025-04-04,HIGH_VOLUME,49209900.0,"Volume anormalement élevé: 49,209,900"
MSFT,2025-04-07,HIGH_VOLUME,50425000.0,"Volume anormalement élevé: 50,425,000"
MSFT,2025-04-08,HIGH_VOLUME,35868900.0,"Volume anormalement élevé: 35,868,900"
MSFT,2025-04-09,HIGH_VOLUME,50199700.0,"Volume anormalement élevé: 50,199,700"
MSFT,2025-04-10,HIGH_VOLUME,38024400.0,"Volume anormalement élevé: 38,024,400"
MSFT,2025-04-30,HIGH_VOLUME,36461100.0,"Volume anormalement élevé: 36,461,100"
MSFT,2025-05-01,HIGH_VOLUME,58938100.0,"Volume anormalement élevé: 58,938,100"
MSFT,2025-06-20,HIGH_VOLUME,37576200.0,"Volume anormalement élevé: 37,576,200"
MSFT,2025-07-31,HIGH_VOLUME,51617300.0,"Volume anormalement élevé: 51,617,300"
MSFT,2025-09-19,HIGH_VOLUME,52474100.0,"Volume anormalement élevé: 52,474,100"
MSFT,2025-10-29,HIGH_VOLUME,36023000.0,"Volume anormalement élevé: 36,023,000"
MSFT,2025-10-30,HIGH_VOLUME,41023100.0,"Volume anormalement élevé: 41,023,100"
MSFT,2024-03-05,EXTREME_MOVE,-2.9572028016130014,Mouvement de prix extrême: -2.96%
MSFT,2024-03-12,EXTREME_MOVE,2.659944274343662,Mouvement de prix extrême: 2.66%
MSFT,2024-04-30,EXTREME_MOVE,-3.211936060304743,Mouvement de prix extrême: -3.21%
MSFT,2024-05-30,EXTREME_MOVE,-3.37862128555525,Mouvement de prix extrême: -3.38%
MSFT,2024-07-24,EXTREME_MOVE,-3.585480404534136,Mouvement de prix extrême: -3.59%
MSFT,2024-08-05,EXTREME_MOVE,-3.2656839158919815,Mouvement de prix extrême: -3.27%
MSFT,2024-10-31,EXTREME_MOVE,-6.052760786523237,Mouvement de prix extrême: -6.05%
MSFT,2024-11-15,EXTREME_MOVE,-2.785265761251887,Mouvement de prix extrême: -2.79%
MSFT,2024-12-18,EXTREME_MOVE,-3.756099698569171,Mouvement de prix extrême: -3.76%
MSFT,2025-01-22,EXTREME_MOVE,4.130695321717659,Mouvement de prix extrême: 4.13%
MSFT,2025-01-28,EXTREME_MOVE,2.9086888043189374,Mouvement de prix extrême: 2.91%
MSFT,2025-01-30,EXTREME_MOVE,-6.18090386026836,Mouvement de prix extrême: -6.18%
MSFT,2025-03-05,EXTREME_MOVE,3.1934369842304466,Mouvement de prix extrême: 3.19%
MSFT,2025-03-10,EXTREME_MOVE,-3.343421121068091,Mouvement de prix extrême: -3.34%
MSFT,2025-03-14,EXTREME_MOVE,2.584687598082147,Mouvement de prix extrême: 2.58%
MSFT,2025-03-28,EXTREME_MOVE,-3.0160250366450647,Mouvement de prix extrême: -3.02%
MSFT,2025-04-04,EXTREME_MOVE,-3.5565904592512854,Mouvement de prix extrême: -3.56%
MSFT,2025-04-09,EXTREME_MOVE,10.133686604106673,Mouvement de prix extrême: 10.13%
MSFT,2025-04-16,EXTREME_MOVE,-3.6605968068710304,Mouvement de prix extrême: -3.66%
MSFT,2025-04-24,EXTREME_MOVE,3.448262041249417,Mouvement de prix extrême: 3.45%
MSFT,2025-05-01,EXTREME_MOVE,7.6253543833203485,Mouvement de prix extrême: 7.63%
MSFT,2025-07-31,EXTREME_MOVE,3.947470453976676,Mouvement de prix extrême: 3.95%
MSFT,2025-10-30,EXTREME_MOVE,-2.915700929418197,Mouvement de prix extrême: -2.92%
BTC-USD,2024-03-05,HIGH_VOLUME,102802940877.0,"Volume anormalement élevé: 102,802,940,877"
BTC-USD,2024-08-05,HIGH_VOLUME,108991085584.0,"Volume anormalement élevé: 108,991,085,584"
BTC-USD,2024-11-06,HIGH_VOLUME,118592653963.0,"Volume anormalement élevé: 118,592,653,963"
BTC-USD,2024-11-11,HIGH_VOLUME,117966845037.0,"Volume anormalement élevé: 117,966,845,037"
BTC-USD,2024-11-12,HIGH_VOLUME,133673285375.0,"Volume anormalement élevé: 133,673,285,375"
BTC-USD,2024-11-13,HIGH_VOLUME,123559027869.0,"Volume anormalement élevé: 123,559,027,869"
BTC-USD,2024-11-21,HIGH_VOLUME,106024505582.0,"Volume anormalement élevé: 106,024,505,582"
BTC-USD,2024-11-26,HIGH_VOLUME,91656519855.0,"Volume anormalement élevé: 91,656,519,855"
BTC-USD,2024-12-05,HIGH_VOLUME,149218945580.0,"Volume anormalement élevé: 149,218,945,580"
BTC-USD,2024-12-06,HIGH_VOLUME,94534772658.0,"Volume anormalement élevé: 94,534,772,658"
BTC-USD,2024-12-09,HIGH_VOLUME,110676473908.0,"Volume anormalement élevé: 110,676,473,908"
BTC-USD,2024-12-10,HIGH_VOLUME,104823780634.0,"Volume anormalement élevé: 104,823,780,634"
BTC-USD,2024-12-18,HIGH_VOLUME,93865656139.0,"Volume anormalement élevé: 93,865,656,139"
BTC-USD,2024-12-19,HIGH_VOLUME,97221662392.0,"Volume anormalement élevé: 97,221,662,392"
BTC-USD,2024-12-20,HIGH_VOLUME,105634083408.0,"Volume anormalement élevé: 105,634,083,408"
BTC-USD,2025-01-20,HIGH_VOLUME,126279678351.0,"Volume anormalement élevé: 126,279,678,351"
BTC-USD,2025-01-23,HIGH_VOLUME,104104515428.0,"Volume anormalement élevé: 104,104,515,428"
BTC-USD,2025-02-03,HIGH_VOLUME,115400897748.0,"Volume anormalement élevé: 115,400,897,748"
BTC-USD,2025-02-25,HIGH_VOLUME,92139104128.0,"Volume anormalement élevé: 92,139,104,128"
BTC-USD,2025-07-10,HIGH_VOLUME,95911605728.0,"Volume anormalement élevé: 95,911,605,728"
BTC-USD,2025-07-14,HIGH_VOLUME,181746419401.0,"Volume anormalement élevé: 181,746,419,401"
BTC-USD,2025-07-15,HIGH_VOLUME,98321661181.0,"Volume anormalement élevé: 98,321,661,181"
BTC-USD,2025-07-25,HIGH_VOLUME,104857024569.0,"Volume anormalement élevé: 104,857,024,569"
BTC-USD,2025-08-01,HIGH_VOLUME,91294530181.0,"Volume anormalement élevé: 91,294,530,181"
BTC-USD,2025-08-14,HIGH_VOLUME,104055627395.0,"Volume anormalement élevé: 104,055,627,395"
BTC-USD,2025-10-10,HIGH_VOLUME,153125018868.0,"Volume anormalement élevé: 153,125,018,868"
BTC-USD,2025-10-11,HIGH_VOLUME,110236934340.0,"Volume anormalement élevé: 110,236,934,340"
BTC-USD,2025-10-12,HIGH_VOLUME,93710414091.0,"Volume anormalement élevé: 93,710,414,091"
BTC-USD,2025-10-14,HIGH_VOLUME,92212917403.0,"Volume anormalement élevé: 92,212,917,403"
BTC-USD,2025-10-17,HIGH_VOLUME,99703051669.0,"Volume anormalement élevé: 99,703,051,669"
BTC-USD,2025-10-21,HIGH_VOLUME,101194375480.0,"Volume anormalement élevé: 101,194,375,480"
BTC-USD,2025-11-04,HIGH_VOLUME,110967184773.0,"Volume anormalement élevé: 110,967,184,773"
BTC-USD,2025-11-07,HIGH_VOLUME,92168030081.0,"Volume anormalement élevé: 92,168,030,081"
BTC-USD,2025-11-13,HIGH_VOLUME,101546815416.0,"Volume anormalement élevé: 101,546,815,416"
BTC-USD,2024-01-08,EXTREME_MOVE,6.889378335779228,Mouvement de prix extrême: 6.89%
BTC-USD,2024-01-12,EXTREME_MOVE,-7.581464687080208,Mouvement de prix extrême: -7.58%
BTC-USD,2024-02-26,EXTREME_MOVE,5.391435284481116,Mouvement de prix extrême: 5.39%
BTC-USD,2024-02-28,EXTREME_MOVE,9.493531994124748,Mouvement de prix extrême: 9.49%
BTC-USD,2024-03-04,EXTREME_MOVE,8.173591649219114,Mouvement de prix extrême: 8.17%
BTC-USD,2024-03-05,EXTREME_MOVE,-6.628402455760396,Mouvement de prix extrême: -6.63%
BTC-USD,2024-03-16,EXTREME_MOVE,-5.891115205258901,Mouvement de prix extrême: -5.89%
BTC-USD,2024-03-19,EXTREME_MOVE,-8.343356981432349,Mouvement de prix extrême: -8.34%
BTC-USD,2024-03-20,EXTREME_MOVE,9.692504638897837,Mouvement de prix extrême: 9.69%
BTC-USD,2024-04-02,EXTREME_MOVE,-6.104798598949213,Mouvement de prix extrême: -6.10%
BTC-USD,2024-05-03,EXTREME_MOVE,6.370405294167747,Mouvement de prix extrême: 6.37%
BTC-USD,2024-05-15,EXTREME_MOVE,7.659609250545496,Mouvement de prix extrême: 7.66%
BTC-USD,2024-05-20,EXTREME_MOVE,7.800174241430358,Mouvement de prix extrême: 7.80%
BTC-USD,2024-07-04,EXTREME_MOVE,-5.311634426354228,Mouvement de prix extrême: -5.31%
BTC-USD,2024-07-15,EXTREME_MOVE,6.715755212726138,Mouvement de prix extrême: 6.72%
BTC-USD,2024-08-02,EXTREME_MOVE,-6.032105869640059,Mouvement de prix extrême: -6.03%
BTC-USD,2024-08-05,EXTREME_MOVE,-7.098647891315101,Mouvement de prix extrême: -7.10%
BTC-USD,2024-08-08,EXTREME_MOVE,12.144256099404904,Mouvement de prix extrême: 12.14%
BTC-USD,2024-08-23,EXTREME_MOVE,6.148267182135592,Mouvement de prix extrême: 6.15%
BTC-USD,2024-08-27,EXTREME_MOVE,-5.369739018896724,Mouvement de prix extrême: -5.37%
BTC-USD,2024-10-14,EXTREME_MOVE,5.0830232433260125,Mouvement de prix extrême: 5.08%
BTC-USD,2024-11-06,EXTREME_MOVE,9.053568676993894,Mouvement de prix extrême: 9.05%
BTC-USD,2024-11-11,EXTREME_MOVE,10.223522760015435,Mouvement de prix extrême: 10.22%
BTC-USD,2024-12-18,EXTREME_MOVE,-5.746210601989676,Mouvement de prix extrême: -5.75%
BTC-USD,2025-01-07,EXTREME_MOVE,-5.050430525956884,Mouvement de prix extrême: -5.05%
BTC-USD,2025-03-02,EXTREME_MOVE,9.550452979612857,Mouvement de prix extrême: 9.55%
BTC-USD,2025-03-03,EXTREME_MOVE,-8.682040111941614,Mouvement de prix extrême: -8.68%
BTC-USD,2025-03-09,EXTREME_MOVE,-6.44603432710168,Mouvement de prix extrême: -6.45%
BTC-USD,2025-03-11,EXTREME_MOVE,5.513944554449135,Mouvement de prix extrême: 5.51%
BTC-USD,2025-04-06,EXTREME_MOVE,-6.3353396427263675,Mouvement de prix extrême: -6.34%
BTC-USD,2025-04-09,EXTREME_MOVE,8.26253916648998,Mouvement de prix extrême: 8.26%
BTC-USD,2025-04-22,EXTREME_MOVE,6.767662701452015,Mouvement de prix extrême: 6.77%
BTC-USD,2025-05-08,EXTREME_MOVE,6.3990437464578775,Mouvement de prix extrême: 6.40%
BTC-USD,2025-10-10,EXTREME_MOVE,-6.976852117831744,Mouvement de prix extrême: -6.98%
GOOGL,2024-02-02,HIGH_VOLUME,62499600.0,"Volume anormalement élevé: 62,499,600"
GOOGL,2024-03-18,HIGH_VOLUME,69273700.0,"Volume anormalement élevé: 69,273,700"
GOOGL,2024-04-26,HIGH_VOLUME,64665300.0,"Volume anormalement élevé: 64,665,300"
GOOGL,2024-10-30,HIGH_VOLUME,68890800.0,"Volume anormalement élevé: 68,890,800"
GOOGL,2024-11-21,HIGH_VOLUME,59734400.0,"Volume anormalement élevé: 59,734,400"
GOOGL,2024-12-11,HIGH_VOLUME,67894100.0,"Volume anormalement élevé: 67,894,100"
GOOGL,2024-12-20,HIGH_VOLUME,63462900.0,"Volume anormalement élevé: 63,462,900"
GOOGL,2025-02-05,HIGH_VOLUME,70373900.0,"Volume anormalement élevé: 70,373,900"
GOOGL,2025-04-04,HIGH_VOLUME,62259500.0,"Volume anormalement élevé: 62,259,500"
GOOGL,2025-04-07,HIGH_VOLUME,76794100.0,"Volume anormalement élevé: 76,794,100"
GOOGL,2025-04-09,HIGH_VOLUME,70406200.0,"Volume anormalement élevé: 70,406,200"
GOOGL,2025-05-07,HIGH_VOLUME,127490100.0,"Volume anormalement élevé: 127,490,100"
GOOGL,2025-05-21,HIGH_VOLUME,73416000.0,"Volume anormalement élevé: 73,416,000"
GOOGL,2025-05-22,HIGH_VOLUME,74864400.0,"Volume anormalement élevé: 74,864,400"
GOOGL,2025-06-10,HIGH_VOLUME,61766100.0,"Volume anormalement élevé: 61,766,100"
GOOGL,2025-06-20,HIGH_VOLUME,75659900.0,"Volume anormalement élevé: 75,659,900"
GOOGL,2025-06-27,HIGH_VOLUME,108140200.0,"Volume anormalement élevé: 108,140,200"
GOOGL,2025-06-30,HIGH_VOLUME,63378900.0,"Volume anormalement élevé: 63,378,900"
GOOGL,2025-07-23,HIGH_VOLUME,58681900.0,"Volume anormalement élevé: 58,681,900"
GOOGL,2025-07-24,HIGH_VOLUME,74881700.0,"Volume anormalement élevé: 74,881,700"
GOOGL,2025-09-03,HIGH_VOLUME,103336100.0,"Volume anormalement élevé: 103,336,100"
GOOGL,2025-09-15,HIGH_VOLUME,58383800.0,"Volume anormalement élevé: 58,383,800"
GOOGL,2025-10-30,HIGH_VOLUME,74876000.0,"Volume anormalement élevé: 74,876,000"
GOOGL,2024-02-26,EXTREME_MOVE,-4.438738015128807,Mouvement de prix extrême: -4.44%
GOOGL,2024-03-18,EXTREME_MOVE,4.604039941255822,Mouvement de prix extrême: 4.60%
GOOGL,2024-04-26,EXTREME_MOVE,10.22436802130795,Mouvement de prix extrême: 10.22%
GOOGL,2024-07-24,EXTREME_MOVE,-5.038789399955867,Mouvement de prix extrême: -5.04%
GOOGL,2024-08-05,EXTREME_MOVE,-4.446170269367123,Mouvement de prix extrême: -4.45%
GOOGL,2024-09-06,EXTREME_MOVE,-4.0193479627251065,Mouvement de prix extrême: -4.02%
GOOGL,2024-11-06,EXTREME_MOVE,3.9884466601578517,Mouvement de prix extrême: 3.99%
GOOGL,2024-11-21,EXTREME_MOVE,-4.744840946399032,Mouvement de prix extrême: -4.74%
GOOGL,2024-12-10,EXTREME_MOVE,5.588196269106205,Mouvement de prix extrême: 5.59%
GOOGL,2024-12-11,EXTREME_MOVE,5.524647385755821,Mouvement de prix extrême: 5.52%
GOOGL,2025-01-27,EXTREME_MOVE,-4.19559844246109,Mouvement de prix extrême: -4.20%
GOOGL,2025-02-05,EXTREME_MOVE,-7.292368252242653,Mouvement de prix extrême: -7.29%
GOOGL,2025-03-10,EXTREME_MOVE,-4.485781227065488,Mouvement de prix extrême: -4.49%
GOOGL,2025-03-28,EXTREME_MOVE,-4.875490270461058,Mouvement de prix extrême: -4.88%
GOOGL,2025-04-03,EXTREME_MOVE,-4.024442502894066,Mouvement de prix extrême: -4.02%
GOOGL,2025-04-09,EXTREME_MOVE,9.682104090518063,Mouvement de prix extrême: 9.68%
GOOGL,2025-04-10,EXTREME_MOVE,-3.7111733007789804,Mouvement de prix extrême: -3.71%
GOOGL,2025-05-07,EXTREME_MOVE,-7.259681958467656,Mouvement de prix extrême: -7.26%
GOOGL,2025-05-12,EXTREME_MOVE,3.7381332657963284,Mouvement de prix extrême: 3.74%
GOOGL,2025-06-20,EXTREME_MOVE,-3.854148767904275,Mouvement de prix extrême: -3.85%
GOOGL,2025-09-03,EXTREME_MOVE,9.136500745700982,Mouvement de prix extrême: 9.14%
GOOGL,2025-09-15,EXTREME_MOVE,4.489201587040781,Mouvement de prix extrême: 4.49%
GOOGL,2025-11-10,EXTREME_MOVE,4.0418965226070025,Mouvement de prix extrême: 4.04%
NVDA,2024-02-05,HIGH_VOLUME,680078000.0,"Volume anormalement élevé: 680,078,000"
NVDA,2024-02-06,HIGH_VOLUME,683111000.0,"Volume anormalement élevé: 683,111,000"
NVDA,2024-02-12,HIGH_VOLUME,613710000.0,"Volume anormalement élevé: 613,710,000"
NVDA,2024-02-20,HIGH_VOLUME,704833000.0,"Volume anormalement élevé: 704,833,000"
NVDA,2024-02-21,HIGH_VOLUME,673755000.0,"Volume anormalement élevé: 673,755,000"
NVDA,2024-02-22,HIGH_VOLUME,865100000.0,"Volume anormalement élevé: 865,100,000"
NVDA,2024-02-23,HIGH_VOLUME,829388000.0,"Volume anormalement élevé: 829,388,000"
NVDA,2024-03-04,HIGH_VOLUME,615616000.0,"Volume anormalement élevé: 615,616,000"
NVDA,2024-03-08,HIGH_VOLUME,1142269000.0,"Volume anormalement élevé: 1,142,269,000"
NVDA,2024-03-11,HIGH_VOLUME,678364000.0,"Volume anormalement élevé: 678,364,000"
NVDA,2024-03-12,HIGH_VOLUME,668075000.0,"Volume anormalement élevé: 668,075,000"
NVDA,2024-03-13,HIGH_VOLUME,635713000.0,"Volume anormalement élevé: 635,713,000"
NVDA,2024-03-15,HIGH_VOLUME,642086000.0,"Volume anormalement élevé: 642,086,000"
NVDA,2024-03-18,HIGH_VOLUME,668976000.0,"Volume anormalement élevé: 668,976,000"
NVDA,2024-03-19,HIGH_VOLUME,672171000.0,"Volume anormalement élevé: 672,171,000"
NVDA,2024-04-19,HIGH_VOLUME,875198000.0,"Volume anormalement élevé: 875,198,000"
NVDA,2024-05-23,HIGH_VOLUME,835065000.0,"Volume anormalement élevé: 835,065,000"
NVDA,2024-05-28,HIGH_VOLUME,652728000.0,"Volume anormalement élevé: 652,728,000"
NVDA,2024-05-31,HIGH_VOLUME,613263000.0,"Volume anormalement élevé: 613,263,000"
NVDA,2024-06-06,HIGH_VOLUME,664696000.0,"Volume anormalement élevé: 664,696,000"
NVDA,2024-06-21,HIGH_VOLUME,649445800.0,"Volume anormalement élevé: 649,445,800"
NVDA,2025-01-27,HIGH_VOLUME,818830900.0,"Volume anormalement élevé: 818,830,900"
NVDA,2025-04-09,HIGH_VOLUME,612918300.0,"Volume anormalement élevé: 612,918,300"
NVDA,2024-02-22,EXTREME_MOVE,16.400865728677026,Mouvement de prix extrême: 16.40%
NVDA,2024-03-12,EXTREME_MOVE,7.157184855692078,Mouvement de prix extrême: 7.16%
NVDA,2024-04-19,EXTREME_MOVE,-10.004602019930664,Mouvement de prix extrême: -10.00%
NVDA,2024-05-23,EXTREME_MOVE,9.319647934951124,Mouvement de prix extrême: 9.32%
NVDA,2024-05-28,EXTREME_MOVE,6.980431100500217,Mouvement de prix extrême: 6.98%
NVDA,2024-06-24,EXTREME_MOVE,-6.6840460773071815,Mouvement de prix extrême: -6.68%
NVDA,2024-06-25,EXTREME_MOVE,6.756411827166553,Mouvement de prix extrême: 6.76%
NVDA,2024-07-17,EXTREME_MOVE,-6.623935573209483,Mouvement de prix extrême: -6.62%
NVDA,2024-07-24,EXTREME_MOVE,-6.803161597135121,Mouvement de prix extrême: -6.80%
NVDA,2024-07-30,EXTREME_MOVE,-7.043632120638432,Mouvement de prix extrême: -7.04%
NVDA,2024-07-31,EXTREME_MOVE,12.812088906521414,Mouvement de prix extrême: 12.81%
NVDA,2024-08-01,EXTREME_MOVE,-6.674058452284015,Mouvement de prix extrême: -6.67%
NVDA,2024-08-13,EXTREME_MOVE,6.530902219466728,Mouvement de prix extrême: 6.53%
NVDA,2024-09-03,EXTREME_MOVE,-9.525012464640891,Mouvement de prix extrême: -9.53%
NVDA,2024-09-11,EXTREME_MOVE,8.149871971190393,Mouvement de prix extrême: 8.15%
NVDA,2025-01-27,EXTREME_MOVE,-16.968165297406834,Mouvement de prix extrême: -16.97%
NVDA,2025-01-28,EXTREME_MOVE,8.925868490249966,Mouvement de prix extrême: 8.93%
NVDA,2025-02-27,EXTREME_MOVE,-8.47806356260331,Mouvement de prix extrême: -8.48%
NVDA,2025-03-03,EXTREME_MOVE,-8.693564573326684,Mouvement de prix extrême: -8.69%
NVDA,2025-04-03,EXTREME_MOVE,-7.806553577742859,Mouvement de prix extrême: -7.81%
NVDA,2025-04-04,EXTREME_MOVE,-7.357565530166099,Mouvement de prix extrême: -7.36%
NVDA,2025-04-09,EXTREME_MOVE,18.72273416115149,Mouvement de prix extrême: 18.72%
NVDA,2025-04-16,EXTREME_MOVE,-6.871657979487544,Mouvement de prix extrême: -6.87%
AMZN,2024-02-02,HIGH_VOLUME,117218300.0,"Volume anormalement élevé: 117,218,300"
AMZN,2024-04-30,HIGH_VOLUME,94639800.0,"Volume anormalement élevé: 94,639,800"
AMZN,2024-05-01,HIGH_VOLUME,94645100.0,"Volume anormalement élevé: 94,645,100"
AMZN,2024-08-02,HIGH_VOLUME,141448400.0,"Volume anormalement élevé: 141,448,400"
AMZN,2024-08-05,HIGH_VOLUME,83149400.0,"Volume anormalement élevé: 83,149,400"
AMZN,2024-09-20,HIGH_VOLUME,100378600.0,"Volume anormalement élevé: 100,378,600"
AMZN,2024-11-01,HIGH_VOLUME,99687800.0,"Volume anormalement élevé: 99,687,800"
AMZN,2024-11-15,HIGH_VOLUME,86591100.0,"Volume anormalement élevé: 86,591,100"
AMZN,2024-12-20,HIGH_VOLUME,88279200.0,"Volume anormalement élevé: 88,279,200"
AMZN,2025-04-03,HIGH_VOLUME,95553600.0,"Volume anormalement élevé: 95,553,600"
AMZN,2025-04-04,HIGH_VOLUME,123159400.0,"Volume anormalement élevé: 123,159,400"
AMZN,2025-04-07,HIGH_VOLUME,109327100.0,"Volume anormalement élevé: 109,327,100"
AMZN,2025-04-08,HIGH_VOLUME,87710400.0,"Volume anormalement élevé: 87,710,400"
AMZN,2025-04-09,HIGH_VOLUME,116804300.0,"Volume anormalement élevé: 116,804,300"
AMZN,2025-05-02,HIGH_VOLUME,77903500.0,"Volume anormalement élevé: 77,903,500"
AMZN,2025-06-27,HIGH_VOLUME,119217100.0,"Volume anormalement élevé: 119,217,100"
AMZN,2025-07-31,HIGH_VOLUME,104357300.0,"Volume anormalement élevé: 104,357,300"
AMZN,2025-08-01,HIGH_VOLUME,122258800.0,"Volume anormalement élevé: 122,258,800"
AMZN,2025-08-04,HIGH_VOLUME,77890100.0,"Volume anormalement élevé: 77,890,100"
AMZN,2025-09-19,HIGH_VOLUME,97943200.0,"Volume anormalement élevé: 97,943,200"
AMZN,2025-10-30,HIGH_VOLUME,102252900.0,"Volume anormalement élevé: 102,252,900"
AMZN,2025-10-31,HIGH_VOLUME,166340800.0,"Volume anormalement élevé: 166,340,800"
AMZN,2025-11-03,HIGH_VOLUME,95997800.0,"Volume anormalement élevé: 95,997,800"
AMZN,2024-02-02,EXTREME_MOVE,7.866649218561839,Mouvement de prix extrême: 7.87%
AMZN,2024-06-26,EXTREME_MOVE,3.901472799901873,Mouvement de prix extrême: 3.90%
AMZN,2024-08-02,EXTREME_MOVE,-8.78470841762542,Mouvement de prix extrême: -8.78%
AMZN,2024-08-05,EXTREME_MOVE,-4.097671157906757,Mouvement de prix extrême: -4.10%
AMZN,2024-08-15,EXTREME_MOVE,4.403286281963403,Mouvement de prix extrême: 4.40%
AMZN,2024-11-01,EXTREME_MOVE,6.185621865256041,Mouvement de prix extrême: 6.19%
AMZN,2024-11-06,EXTREME_MOVE,3.8045094425516846,Mouvement de prix extrême: 3.80%
AMZN,2024-11-15,EXTREME_MOVE,-4.194247823144082,Mouvement de prix extrême: -4.19%
AMZN,2024-12-18,EXTREME_MOVE,-4.598741035997545,Mouvement de prix extrême: -4.60%
AMZN,2025-02-07,EXTREME_MOVE,-4.053095448794508,Mouvement de prix extrême: -4.05%
AMZN,2025-03-28,EXTREME_MOVE,-4.290822091507418,Mouvement de prix extrême: -4.29%
AMZN,2025-04-03,EXTREME_MOVE,-8.979129298487255,Mouvement de prix extrême: -8.98%
AMZN,2025-04-04,EXTREME_MOVE,-4.153356599971369,Mouvement de prix extrême: -4.15%
AMZN,2025-04-09,EXTREME_MOVE,11.977031526306249,Mouvement de prix extrême: 11.98%
AMZN,2025-04-10,EXTREME_MOVE,-5.170070417193329,Mouvement de prix extrême: -5.17%
AMZN,2025-04-23,EXTREME_MOVE,4.284567352780599,Mouvement de prix extrême: 4.28%
AMZN,2025-05-12,EXTREME_MOVE,8.070031092964335,Mouvement de prix extrême: 8.07%
AMZN,2025-08-01,EXTREME_MOVE,-8.269617085933035,Mouvement de prix extrême: -8.27%
AMZN,2025-08-06,EXTREME_MOVE,4.004677220394748,Mouvement de prix extrême: 4.00%
AMZN,2025-09-04,EXTREME_MOVE,4.2877945692648245,Mouvement de prix extrême: 4.29%
AMZN,2025-10-10,EXTREME_MOVE,-4.99253978296661,Mouvement de prix extrême: -4.99%
AMZN,2025-10-31,EXTREME_MOVE,9.584492754129247,Mouvement de prix extrême: 9.58%
AMZN,2025-11-03,EXTREME_MOVE,4.004585509136338,Mouvement de prix extrême: 4.00%
META,2024-02-01,HIGH_VOLUME,29727100.0,"Volume anormalement élevé: 29,727,100"
META,2024-02-02,HIGH_VOLUME,84707600.0,"Volume anormalement élevé: 84,707,600"
META,2024-02-05,HIGH_VOLUME,40832400.0,"Volume anormalement élevé: 40,832,400"
META,2024-03-15,HIGH_VOLUME,29153600.0,"Volume anormalement élevé: 29,153,600"
META,2024-04-24,HIGH_VOLUME,37772700.0,"Volume anormalement élevé: 37,772,700"
META,2024-04-25,HIGH_VOLUME,82890700.0,"Volume anormalement élevé: 82,890,700"
META,2024-04-26,HIGH_VOLUME,32691400.0,"Volume anormalement élevé: 32,691,400"
META,2024-08-01,HIGH_VOLUME,43083100.0,"Volume anormalement élevé: 43,083,100"
META,2024-12-20,HIGH_VOLUME,48989400.0,"Volume anormalement élevé: 48,989,400"
META,2025-01-27,HIGH_VOLUME,28399200.0,"Volume anormalement élevé: 28,399,200"
META,2025-01-30,HIGH_VOLUME,29322900.0,"Volume anormalement élevé: 29,322,900"
META,2025-04-03,HIGH_VOLUME,34777500.0,"Volume anormalement élevé: 34,777,500"
META,2025-04-04,HIGH_VOLUME,38589800.0,"Volume anormalement élevé: 38,589,800"
META,2025-04-07,HIGH_VOLUME,36606100.0,"Volume anormalement élevé: 36,606,100"
META,2025-04-09,HIGH_VOLUME,39216600.0,"Volume anormalement élevé: 39,216,600"
META,2025-04-10,HIGH_VOLUME,28173500.0,"Volume anormalement élevé: 28,173,500"
META,2025-04-30,HIGH_VOLUME,29244000.0,"Volume anormalement élevé: 29,244,000"
META,2025-05-01,HIGH_VOLUME,31159000.0,"Volume anormalement élevé: 31,159,000"
META,2025-07-31,HIGH_VOLUME,38831100.0,"Volume anormalement élevé: 38,831,100"
META,2025-10-30,HIGH_VOLUME,88440100.0,"Volume anormalement élevé: 88,440,100"
META,2025-10-31,HIGH_VOLUME,56953200.0,"Volume anormalement élevé: 56,953,200"
META,2025-11-03,HIGH_VOLUME,33003600.0,"Volume anormalement élevé: 33,003,600"
META,2025-11-07,HIGH_VOLUME,29946800.0,"Volume anormalement élevé: 29,946,800"
META,2024-02-02,EXTREME_MOVE,20.317639753060067,Mouvement de prix extrême: 20.32%
META,2024-03-11,EXTREME_MOVE,-4.419421183852556,Mouvement de prix extrême: -4.42%
META,2024-04-19,EXTREME_MOVE,-4.13110976293699,Mouvement de prix extrême: -4.13%
META,2024-04-25,EXTREME_MOVE,-10.561301481889817,Mouvement de prix extrême: -10.56%
META,2024-07-05,EXTREME_MOVE,5.872985494932581,Mouvement de prix extrême: 5.87%
META,2024-07-17,EXTREME_MOVE,-5.675910811164542,Mouvement de prix extrême: -5.68%
META,2024-07-24,EXTREME_MOVE,-5.6109157363767315,Mouvement de prix extrême: -5.61%
META,2024-08-01,EXTREME_MOVE,4.824881470159803,Mouvement de prix extrême: 4.82%
META,2024-08-08,EXTREME_MOVE,4.235870633133709,Mouvement de prix extrême: 4.24%
META,2025-01-06,EXTREME_MOVE,4.229026447275586,Mouvement de prix extrême: 4.23%
META,2025-03-06,EXTREME_MOVE,-4.347498294354091,Mouvement de prix extrême: -4.35%
META,2025-03-10,EXTREME_MOVE,-4.422522353739988,Mouvement de prix extrême: -4.42%
META,2025-03-13,EXTREME_MOVE,-4.667827762338628,Mouvement de prix extrême: -4.67%
META,2025-03-28,EXTREME_MOVE,-4.288230190093223,Mouvement de prix extrême: -4.29%
META,2025-04-03,EXTREME_MOVE,-8.958261041597648,Mouvement de prix extrême: -8.96%
META,2025-04-04,EXTREME_MOVE,-5.058123057271091,Mouvement de prix extrême: -5.06%
META,2025-04-09,EXTREME_MOVE,14.755608705942347,Mouvement de prix extrême: 14.76%
META,2025-04-10,EXTREME_MOVE,-6.739845914955733,Mouvement de prix extrême: -6.74%
META,2025-05-01,EXTREME_MOVE,4.227687027978022,Mouvement de prix extrême: 4.23%
META,2025-05-02,EXTREME_MOVE,4.335836263221893,Mouvement de prix extrême: 4.34%
META,2025-05-12,EXTREME_MOVE,7.922482122023644,Mouvement de prix extrême: 7.92%
META,2025-07-31,EXTREME_MOVE,11.252716637391092,Mouvement de prix extrême: 11.25%
META,2025-10-30,EXTREME_MOVE,-11.334763146610161,Mouvement de prix extrême: -11.33%
