id,date,source,api_source,titre,contenu,score,sentiment,confiance,poids,score_pondere,url
1,2026-01-11 10:24,Business Insider,newsapi,They're turning the job search into a group project,"They're turning the job search into a group project. Sreeja Apparaju (left), Aman Goyal (center), and Sriram Ramkrishna (right) have each found value in community during their job searches.Sreeja Appa...",0.0,neutral,0.843,1.3,0.0,https://www.businessinsider.com/how-tech-job-seekers-teaming-up-find-work-network-market-2026-1
2,2026-01-12 05:01,The Indian Express,newsapi,US futures slip while Asian shares gain as Fed chair Powell faces legal threat,US futures slip while Asian shares gain as Fed chair Powell faces legal threat. U.S. futures slipped but markets in Asia advanced Monday after Federal Reserve Chair Jerome Powell said the Department o...,-0.925,negative,0.925,1.58,-1.465,https://indianexpress.com/article/business/us-futures-slip-asian-shares-gain-fed-chair-powell-threat-10468540/
3,2026-01-10 00:10,9to5Mac,newsapi,Mystery AI lab that poached iPhone Air designer revealed,Mystery AI lab that poached iPhone Air designer revealed. Two months after reporting that the industrial designer who introduced the iPhone Air at Apples September event had left for an unnamed AI com...,0.0,neutral,0.817,1.3,0.0,https://9to5mac.com/2026/01/09/iphone-air-designer-left-for-hark-ai-lab/
4,2026-01-10 19:31,Yahoo Entertainment,newsapi,"Vistra Wins Mega Nuclear Deal With Meta, Stock Jumps","Vistra Wins Mega Nuclear Deal With Meta, Stock Jumps. If you click 'Accept all', we and our partners, including 245 who are part of the IAB Transparency &amp; Consent Framework, will also store and/or...",0.0,neutral,0.942,1.08,0.0,https://consent.yahoo.com/v2/collectConsent?sessionId=1_cc-session_a273d225-d17e-4ec0-b789-65b3baa69119
5,2026-01-10 12:45,Yahoo Entertainment,newsapi,CoreWeave (CRWV) Emerges as an AI Infrastructure Stock to Watch After Truist Initiation,"CoreWeave (CRWV) Emerges as an AI Infrastructure Stock to Watch After Truist Initiation. CoreWeave, Inc. (NASDAQ:CRWV) is one of the AI Stocks Gaining Attention on Wall Street. On January 6, Truist Se...",0.544,positive,0.544,1.3,0.705,https://finance.yahoo.com/news/coreweave-crwv-emerges-ai-infrastructure-124539079.html
6,2026-01-12 09:01,Business Insider,newsapi,'Big Short' investor Michael Burry says AI is turning Big Tech into a worse business,"'Big Short' investor Michael Burry says AI is turning Big Tech into a worse business. Michael Burry attends ""The Big Short"" New York premiere at Ziegfeld Theater on November 23, 2015 in New York City....",0.0,neutral,0.687,1.58,0.0,https://www.businessinsider.com/michael-burry-big-short-key-metric-evaluate-ai-bubble-2026-1
7,2026-01-12 17:55,Investor's Business Daily,gnews,"Amazon Stock, Meta Named Top Picks For 2026. Here's Why.","Amazon Stock, Meta Named Top Picks For 2026. Here's Why.. Information in Investor’s Business Daily is for informational and educational purposes only and should not be construed as an offer, recommend...",0.0,neutral,0.951,1.56,0.0,https://www.investors.com/news/technology/amazon-stock-meta-stock-top-picks-2026-bernstein/
8,2026-01-10 20:19,Barchart.com,newsapi,"As Meta Delays New Ray-Ban Display Glasses, Should You Buy, Sell, or Hold META Stock?","As Meta Delays New Ray-Ban Display Glasses, Should You Buy, Sell, or Hold META Stock?. Meta Platforms (META) finds itself at a critical crossroads. Earlier this month, the tech giant announced it was ...",-0.559,negative,0.559,1.3,-0.725,https://www.barchart.com/story/news/36984366/as-meta-delays-new-ray-ban-display-glasses-should-you-buy-sell-or-hold-meta-stock
9,2026-01-11 11:02,Business Insider,newsapi,"Larry Page, Jeff Bezos, and Sergey Brin are close to joining the $300 billion club as tech fortunes ...","Larry Page, Jeff Bezos, and Sergey Brin are close to joining the $300 billion club as tech fortunes soar. Sergey Brin, Larry Page, and Jeff Bezos are all approaching $300 billion net worths.Lionel Hah...",0.0,neutral,0.886,1.58,0.0,https://www.businessinsider.com/page-bezos-brin-300b-club-tech-stocks-wealth-ai-billionaires-2026-1
